HITId,Task
2OM6OQ1SNQQAPID7EEHKMNR1AAK6QO,FactSpan
2GZHRRLFQ0OQM7XOAX8OJEGRJOZQH8,FactSpan
27DJ8EBDPGFO57IW5C0RXDWIWCV1GQ,FactSpan
2H6HOVR14IXNNERGBU5C6A6XBFH87D,FactSpan
285DWIOV1S7VMFJ0P7S38DZ8VPKYJO,FactSpan
20WNLVWJ5OPEZA1N8LPM6B7EXQN2U7,FactSpan
2JSOO2GMMEGRNSWZLZXIKA2SMZN880,FactSpan
22GHVI44OS2NK6EKWRQSLAP5JIT5Z0,FactSpan
2BGT3DHJHP4ECPQNDBZR2X9XBXW2VW,FactSpan
2E2NQY2RCJK92B1LCUI0UUIAYQCT43,FactSpan
2L0XKO2L92HHB8GD6GPOMCF0K7DFE4,FactSpan
24C8LZ6R70G8QLEKHWUVO7WS0BV7NH,FactSpan
27MJ3NAB6BFPERU57VK13JFDOW1GTV,FactSpan
24BBJ3MMDX5IOJTDBX8BJMDXW07DZY,FactSpan
2UVP8PJWKUDG79SIC3U990B62BX8J2,FactSpan
2ZRNZW6HEZ6RDGW3G6Z6JGUMAJ9PZN,FactSpan
25KGMMEGOOGTROSDRN122EIU2C9BBJ,FactSpan
25KL92HECWA9WF4VLP60MP5K571IJJ,FactSpan
243VWJ5OPB01US5F7ZNBHEP92L94WL,FactSpan
27C8Y1THV8EU8AE0WX9M9SM5SXPN0X,FactSpan
256GQSCM6IAD14KP37L0AOQKSWKIIN,FactSpan
2NPD1X3V0FK3B0Q9SRSMHPKKH78ELP,FactSpan
2OVZKPFE4EGGGPS9EYZIJNZWE3VH7Z,FactSpan
20CNU8LZ6R73FHXGHQZJDVE74E85LE,FactSpan
289LFQ0ONNVUGDQOXM5G1B76VHPTKQ,FactSpan
26OAUC26DG6ACD3A4D6KACOKA5VC56,FactSpan
2K839Z0B6UTR55AL45KV1KGP4ECYNP,FactSpan
217FE4EGDHDP1HRFRMEZ66HE7S4AKM,FactSpan
2CEAVKI62NJT1DD98M0QR6BKTYBKSS,FactSpan
2NA8SV7WGKCFUXRALNU3WHAPYQT1RJ,FactSpan
2KD0FK0COK2MDDSEYXB9VRW6WLQQJA,FactSpan
236FXRDS4IC4DAJU6W6MB1A2QHEVY3,FactSpan
2IKA1QP6AUC55PMDGQSXDV0FSMT70N,FactSpan
2QH6KW4ZMAZKG3XSO3ROXNVRPN1H8M,FactSpan
2H6UQIHPCGJ5CE7VC9WXR0JPXEZ71Q,FactSpan
2E4B3Q39Z0B9T5UD2H5V2TVRS7RVK4,FactSpan
25ZOVR14IXKR1XF9QR3WK6X36FF98K,FactSpan
2RVZXR24SME2YESPTZE948P96UBH0V,FactSpan
25UCF0CP5KXSSUTPRAPGEPM7VP9WX5,FactSpan
25CQIHPCGJ2G1DUA5IOHAJPP09628M,FactSpan
2B5U8LZ6R70J43FFMLA35E7W0JW6MU,FactSpan
2JNL8I9NZW6KDBCVNHHWHT86H7WVL7,FactSpan
2NA8SV7WGKCFUXRALNU3WHAPYVF1RF,FactSpan
2GDXX2Q45UUNP04NWVN1XS8OOR4SAI,FactSpan
26QPJWKUDD80LN9XCMQ0L6UTWXVLAW,FactSpan
222H1Q6SVQ8K7KSX3JC5YBVCQSU3ML,FactSpan
2EF2Q45UUKQRXSTP5EESIOG09RAUC2,FactSpan
230KMN9U8P912KZ35A932UYIURMUD2,FactSpan
26XE4EGDHDM54XEPI0QWGHEZEFGLBR,FactSpan
2N633FDEY5CRVCRN0CU8MRFLKXY1S3,FactSpan
2J4IKMN9U8PCXFE059OIDSUYQD2TC9,FactSpan
20EKUDD8XMB6PFF69OXU3O6TC71DOF,FactSpan
24192NJKM05ELVZ1QBN2QTP9Z3CFAS,FactSpan
24VWIOV1S7SQ2PZN3EUYNZ8NGK0KZ0,FactSpan
27M5UUKQOYGQH87U1LFGA1070OMFXX,FactSpan
292MT6YTWX4K2T8WKH49JGI6QCW1WO,FactSpan
2C73TVOK5UFM4D4EZRFZPYQS95X745,FactSpan
2MAW6NG1FS3QXZPI7SSF9SZLAQWKY9,FactSpan
2NFBAT2D5NQ1MHLAZDAGFTYMV5173K,FactSpan
2PWBDPGFL6VFO85G004WSOV100X4J9,FactSpan
2QH6KW4ZMAZKG3XSO3ROXNVRPUQ8HG,FactSpan
2QKNJKM05BMMS6N55F7TZ9RAFLACHP,FactSpan
2RB2D5NQYN5I226QPIKYWNCW64A6AH,FactSpan
2RIRYNJ92NJNLCBIVWKURYW2OMVB6H,FactSpan
2SKYU98JHSTOAFR7OOA9SOBJMCXDPW,FactSpan
2TATMOFXRDS7HO7L7QEXTFM1937VSS,FactSpan
2TX0CP5KXPTLMUO47TVPW7NYEZ8YZ8,FactSpan
2ZZPCGJ2D21R28B4QDAPZSI2SRKB51,FactSpan
2MFH0JPPSI2NXQVS12Y5ULM64HEIO1,FactSpan
2Q69Z6KW4ZMDYTNY0Y6QAONN3PT6FA,FactSpan
2ZCUU00OQKKD3UOZH5TUC680MUAWWX,FactSpan
2EXB0HFL42J4KABFKKT7W0IGNISL0S,FactSpan
2FB3DHJHP4BGCWMB7LIS79X3O1H3WZ,FactSpan
2PG1THV8ER9175TRRZQSW5KFPQD2PR,FactSpan
2ZZPCGJ2D21R28B4QDAPZSI2SWP5BA,FactSpan
23DHVKCJ011N1JAQGMBQ6618V2I97K,FactSpan
2KZVWAVKI62QI288GFQ9JQH6JIWQIH,FactSpan
2PZ88MQU6L5RA7IPA4OXEAIJN5RCVV,FactSpan
2OEGKCCVLL3F9F9TQNGQEC9NYSIW6X,FactSpan
2C6X7H57DZKSEQALPQ8DW25LGGL1BP,FactSpan
2GOR70G5R98G7V92NKNS2TNYKEFBRV,FactSpan
2VU1PC6SK9RM7HU6RC5HWAAPUMZ2QI,FactSpan
2DJVP9746OQ4RZWXG3X7A51QSAYL1V,FactSpan
295QQ7Q67054PWIU0ETT0C1XUETCW5,FactSpan
2CZVKCJ011K56GPEIXHWG18NC45A8M,FactSpan
2K6U3K4F0OHRU37BRABOCL92QGU10I,FactSpan
2B3RGNTBJ3MPC9BMYKE6CKHBIOUV9C,FactSpan
2G151RYQM3EOPZSJZLKG4FTE3V70Z6,FactSpan
2BLK4F0OHOVU0GO4T1TLJ2HELYR23U,FactSpan
2X2CCVLL3CA62YNHY3VCJNQUGZEY8Z,FactSpan
2QP46OQ1SNQT62CE9ISQUCNRA49P5T,FactSpan
2E2NQY2RCJK92B1LCUI0UUIAZB04T9,FactSpan
2RWSCWY2AOO5FYSLP1FG0SCMFKR22J,FactSpan
298V66RLPHIW2T13J8BIG2NJZ4IF7W,FactSpan
2HNBMJTUHYW5F5VG0NYSFWM1FBFNI6,FactSpan
21NUFJ51Y7QHNBL5Z5SC2TMOOZ8AD7,FactSpan
23DHVKCJ011N1JAQGMBQ6618W6N79W,FactSpan
2WIOHOVR14I0J08SIF8EMWA665G67L,FactSpan
2Y4VHVKCJ014JEDBSK0K0W61HPM688,FactSpan
2SOBFMFFOYYLSDZQOQ7E2C0R6Y6ZME,FactSpan
23ZGYQ4J3NAE5NLTOSFY8IT12LWCPP,FactSpan
2KBVOK5UFJ54XJWLXC6Y0S1C1V469X,FactSpan
2I8P6AUC26DJ5JJ86GM0PK0CX14A3O,FactSpan
29UXKNQY2RCMJI964RUH10KURRS2RD,FactSpan
2VG5COW0LGR22KIYOY365NUZ5UTY7R,FactSpan
2YD8ER9Y8TNNHY5ZVIBFRS2OVHRT6Y,FactSpan
2ECLRGNTBJ3PLP3CO2YNG2KHKQP8UR,FactSpan
2SOBFMFFOYYLSDZQOQ7E2C0R6DRZMT,FactSpan
20JLY58B727PZUMMTU41GYFS4W5U90,FactSpan
2FN8B727M0IJEWNKAJPF2VF44ZPXCC,FactSpan
2G4AZHHRRLFTZ0TU4481UHO9NXTNEC,FactSpan
2NCFBNFSVGUOEFFC19XNQ1FSC416K6,FactSpan
27JSNQQ7Q6734DWRL0I1CTQCAENUAF,FactSpan
270HPCGJ2D24NF2C6URJZPSIB10A49,FactSpan
2KGOCCF0CP5NW1ZPWV9X8G4PVOPVUI,FactSpan
21ASZVXX2Q48T6QXXB7NSW1N1PQ7P6,FactSpan
26U6SK9RJ85RYU5LQZ1AZMOOZMGT5I,FactSpan
2J392HECWA602AUJLSRCZ5KXYAKKJP,FactSpan
2X2CCVLL3CA62YNHY3VCJNQUGEZY8E,FactSpan
2NDCPWZ9RNDZH0181KJNDDTG3I5CRW,FactSpan
2KVHJHP4BDDNFG4F05O973G3CTJY55,RelDir
27OSVQ8H88MTTIRCXOMCS1RX59N7QJ,RelDir
2QC8P9Y38TWZWU9Z3B9MAJTAOSIZIZ,RelDir
2BT2YU98JHSWKN9S9S2JJIOBRJWCO9,RelDir
2B5U8LZ6R70J43FFMLA35E7W0X56MV,RelDir
2CUNHMVHVKCMZD7RBKVJH9KQ20R35M,RelDir
2LAMEZZ2MIKPML0FYMP3ITWW5NF6NV,RelDir
2Q2SSZVXX2Q7460RZ1PGXIW1VXK6OA,RelDir
2GKMIKMN9U8S8A9F29NXS3SU5ZPSBS,RelDir
29E6NG1FS3N1MVH5OE6Z2ZL2484LZE,RelDir
2T1011K274JA8WW3FEZNE6UXNHPEC6,RelDir
2JV21O3W5XH3I1VZRFBYOPLSXCHBHC,RelDir
23ZGYQ4J3NAE5NLTOSFY8IT11OSCPQ,RelDir
2QKHECWA6X31NOIM9PG5UXPTP96MLS,RelDir
24BBJ3MMDX5IOJTDBX8BJMDXUCOZDN,RelDir
2IBHV8ER9Y8WMWOT85D5UFHSATZ4RX,RelDir
2L179KQW618Q3I04OP44FXCE0MEKMQ,RelDir
2RDKI62NJQ246E5GI386LKLC3JNMUD,RelDir
2PG1THV8ER9175TRRZQSW5KFOT5P2B,RelDir
26AI2KYEPLSS6HQSVJNJDOAHYJ2OUU,RelDir
2RCC26DG67D4WF17OXRCYK2JLNB7EG,RelDir
22DWJ5OPB0YYFBE5V927OP9UANQX5Z,RelDir
2P1HSTLB3L0IAVFPXOAETREVMA3UI5,RelDir
27PQ67051QKFM37923317MGI7H2ZFH,RelDir
2RU9KSSZVXX5PGB13XHO8GNI32QM48,RelDir
26DH8MZ9O9Z9J8A6VNQHRRRLLKQ09F,RelDir
20QEBDPGFL6YB126I4ED6IOV9XKI3M,RelDir
2I86SVQ8H88PP6CSE12VMI1R4JSP6J,RelDir
2LKJ1LY58B756Y6PPSBHN16YMRW7SJ,RelDir
24XSVGULF398R8CUPE6SDNYNQAKAO1,RelDir
2AGMNCWYB49I84YZQAS1TONS0R5RNN,RelDir
2F8S1CSTMOF0QPYBRPSE8DNXQEMRO4,RelDir
2FNPQJQ9OPLOWOD1V4OGIKCO67K1ZJ,RelDir
2CEJ5OPB0YVJYK4T5OYEZ9U38OUY6L,RelDir
222H1Q6SVQ8K7KSX3JC5YBVCP2UM3N,RelDir
2FWPLSP75KLP58PAXN8QOQVJY37ZTC,RelDir
2YDWAVKI62NMPE7EBC090H6BRKCJRD,RelDir
2OVZKPFE4EGGGPS9EYZIJNZWEMQH7W,RelDir
2CO6RLPHIT3KU8G2TVX2XJQ2885H9Q,RelDir
20BUHYW2GTPCQMDZE9D1G9YSV1VRMN,RelDir
2DM0SPW1INMKFAWBSGEAL6BFUKR3GE,RelDir
25XXRDS4IC1HXPT4SSD1BA2I2X4ZWH,RelDir
2MX3Q0JG5TYPMO25KH0FJSSSP2EFJ4,RelDir
2359U8P9Y38WV83PC5LYSM0J0W4GX0,RelDir
26QJVCNHMVHYJOP7AEB2H4J7G6F209,RelDir
2B8IHPCGJ2D50093EA80TPPSQ7W93T,RelDir
27M5UUKQOYGQH87U1LFGA107ZUHFX3,RelDir
29JCSTMOFXRGRGOJARPDXXJFT24TQY,RelDir
2QP46OQ1SNQT62CE9ISQUCNR8OHP53,RelDir
2Y9RLFQ0ONNYQT7RQ10EQRB7ES7JSQ,RelDir
2P4QU6L5OBVFHDX46H1ITF7G10BFY9,RelDir
2WQ06UFBNFSYF6RMCMWS66NG9K43HD,RelDir
2E2O2L92HECZ9I3A713CP0CPCJXHGA,RelDir
2BFFCD45XCEWMPYU2X9NDTGPBZAZXA,RelDir
2GDXX2Q45UUNP04NWVN1XS8ONH4SAX,RelDir
2K6U3K4F0OHRU37BRABOCL92OVG01V,RelDir
236FXRDS4IC4DAJU6W6MB1A2PC2YVJ,RelDir
2XNR98D8J3VH68YZ20PCQ3MCRPEWGT,RelDir
2KR5SW6NG1FV2Z4USOPFBFZS626IW7,RelDir
2UWY5COW0LGUYFEJ0SCCGVNU6DGX6K,RelDir
2JAEIUUU00OTJWGBRVJ822U2DP4TT9,RelDir
2ZCB2YU98JHVSXHAUD6BT9IOHD4BNB,RelDir
2DDOX7H57DZNORKBNT4HNM25R280AU,RelDir
29BLB3L0FBJCH0HQNWIE5E5RW86LXH,RelDir
2RT6BFMFFOY1H570SS4GOSC0YE0LYN,RelDir
2SVDP8PJWKUGCK3TKGH3JZ0BDTUI72,RelDir
2BU26DG67D10276MTD3OU2JE7GX8F2,RelDir
2P1VCNHMVHVNBV68AXT7EJ79R7031T,RelDir
29WIUUU00OQNJMAPR5ZSCU26FHHUUR,RelDir
2KGOCCF0CP5NW1ZPWV9X8G4PTOQUVG,RelDir
2AZV8ER9Y8TQJUS61ZWKPHS2V345S5,RelDir
2N970G5R98DBIF1LG9JS3NYCNKPSCZ,RelDir
2J845UUKQOYJMU28W5ZOQ010ETYWEF,RelDir
2UHKPFE4EGDKCY8CUL99XZW6O0N8IC,RelDir
26UGJ2D21O3Z49N7S2GSS2KYLBA7DN,RelDir
294EZZ2MIKMQ86EWIBU83WWXOXIO7H,RelDir
2ALDHJHP4BDGJSA5H4JXJX3GA484X4,RelDir
2NAK9RJ85OZLYQNTJNGMYOQ5LVB7V9,RelDir
2UVP8PJWKUDG79SIC3U990B61FC8JO,RelDir
2808IUB2YU9BITY0UOULAFBJG4C8KN,RelDir
214N9U8P9Y3BS824RGJU8IM0QSBFWA,RelDir
2IANQQ7Q670802QJW4S23QC14LGBVD,RelDir
2H1PPSI2KYESK4VEEXCMGWJ3VW5RLL,RelDir
2ALHVWAVKI65MVW9AKTZJ9QHDAKPHM,RelDir
28RY8TNKIMZVLHQMQ5TOW0PG2E3XA7,RelDir
2LKAESCWY2ARNEMTVR7OYGQSJ3A00S,RelDir
2OOO33FDEY5FN86SP4Q3ICRFSTAR0I,RelDir
26QJVCNHMVHYJOP7AEB2H4J7GLU20I,RelDir
2XO7D1X3V0FNZOURBW51W7PKRQPDK4,RelDir
2M5QYN5F3Q0MFHZ5V03W8B49MAVEAM,RelDir
2UHKPFE4EGDKCY8CUL99XZW6OD0I8P,RelDir
2AGMNCWYB49I84YZQAS1TONS04HRNP,RelDir
2OOO33FDEY5FN86SP4Q3ICRFSYU0RL,RelDir
2NCXFCD45XCHSZJZW6BIX3TGWL4YWT,RelDir
2C2I62NJQ21A1BFGZUXBULCVLXHVNJ,RelDir
2IUSTMOFXRDV3UI8NB4N7JFM80AURK,RelDir
2W36VCPWZ9RQC8OV4EJ72N3D0FGAPI,RelDir
2G151RYQM3EOPZSJZLKG4FTE1US0ZN,RelDir
23WC1PC6SK9UIKBV8VQERMAAWNRP1U,RelDir
2X2PEIB9BAWORY3WZIMX4D3MZLI1Y9,RelDir
2DNXH0JPPSI5JAKWU5G7FKLMDVKNHP,RelDir
28185OZIZEHP9MVTX1H5OWPXRRCZBG,RelDir
2YIJPPSI2KYHOXYWGIBLW6WJANWQK4,RelDir
2Q9NDWIOV1SARZ9K2TL1DYDZFMTXIW,RelDir
2JJO3W5XH0JSO4O9TB5PVSP7CJ7DJN,RelDir
2FNCOW0LGRZ67OXMUPXVXUZWKQ18ZB,RelDir
28YNTBJ3MMD04RVEWJTKRB9MKWOXB2,RelDir
2E4B3Q39Z0B9T5UD2H5V2TVRRFBKVS,RelDir
2YATLB3L0FBM8UUISRAROVE5YODKW2,RelDir
2T5HMVHVKCJ30DQ9GHA7JKQWD0V46W,RelDir
2UKAC9KSSZV0WEWBE7LK0OYGUHI2K2,RelDir
2IQN46UXFCD749IL204SXTKIU2EUST,RelDir
2FQTNKIMZSM8JRNZB1D0ZGVF9CCZCN,RelDir
2MAW6NG1FS3QXZPI7SSF9SZL9WDYKF,RelDir
27G2RCJK63ZYDFNY9XLIKQ9JS4D7WJ,RelDir
24ZMVHVKCJ040W8EDWY9UQW6879570,RelDir
21CDD8XMB3Q68B6IF7KOGT4E2RFFQR,RelDir
2ETNVP3TVOK8TRPCABYQOOZF5PF14V,RelDir
2MCFJ51Y7QERYR4X1E3S3MOF4QDEBA,RelDir
2GFR24SMEZZ5LUQTWML8Z9Y3FSI2J3,RelDir
2P1VCNHMVHVNBV68AXT7EJ79RPJ13A,RelDir
2YD8ER9Y8TNNHY5ZVIBFRS2OTZBT6G,RelDir
2YXL42J1LY5BAJ8EVD9GPKHD8SMP4Y,RelEx
2L0XKO2L92HHB8GD6GPOMCF0JBTEFQ,RelEx
2IMIXKO2L92KDO2HFAUYYCCF7YDEDF,RelEx
22XQ0ONNVRH4JTUGNTIBH6NVG77VMJ,RelEx
2PT727M0IGFNGP7D7SJVP4VIVGNZEZ,RelEx
2SIHFL42J1L14KHEBKD0SGFKPGYN2C,RelEx
24DP3TVOK5UIIH75G35O9FYQZ2F63X,RelEx
27L9Z0B6UTO9SGK216MRUGPW0Z2ZOB,RelEx
2PWBDPGFL6VFO85G004WSOV1Y1JJ4A,RelEx
2ETAT2D5NQYQ4R9X9W753YMNKW5849,RelEx
24NF3Q0JG5T1LZI37OV9P9SSZVCEIS,RelEx
2QNSW6NG1FS6MATQKB61PZSZSOLJX7,RelEx
2SVPGFL6VCPZYLXUM99O51S7ZMQ6LR,RelEx
2PWBDPGFL6VFO85G004WSOV1ZTH4JE,RelEx
2TYW40SPW1IQLTM5ZHA3XAB6IT11EN,RelEx
2LTLYHVI44OV1WR1HQEE9SBAWRZX39,RelEx
234EGOOGQSCP5UGHB55I4UU07AEEE8,RelEx
2P3Z6R70G5RC7PEQC8576SSTUZG9PO,RelEx
2YJQ6SVQ8H8BL20DUIFB5CI1Z0V5OB,RelEx
2ELYOCCF0CP8J9V0R09I7YG4WLSUTI,RelEx
2U425L8I9NZZ5TK6F1540W7TFKOJTZ,RelEx
2EWRSQV66RLSGUZAQ8NA5KI6AQGC4F,RelEx
21RRJ85OZIZHGYGHYZFO05EWVRD9XL,RelEx
24ASCXKNQY2UBVQDCCMEDHR0RVLP0R,RelEx
214T6YTWX4H6GEVIDQ09QI6IQDZX2Y,RelEx
25ZOVR14IXKR1XF9QR3WK6X352R985,RelEx
2LTLYHVI44OV1WR1HQEE9SBAWJQX3K,RelEx
2A4OFXRDS4IF0Q4KWAAFW11AALSUXM,RelEx
2T5HMVHVKCJ30DQ9GHA7JKQWD2B64I,RelEx
2FK4E6AUBXHZRTDMUM0VLZWDY7M1XM,RelEx
2FK4E6AUBXHZRTDMUM0VLZWDY7LX1H,RelEx
2U0PDOBDDP8SI8Q1MQZXWB3QANF2DD,RelEx
2OVZKPFE4EGGGPS9EYZIJNZWDII7H5,RelEx
2ROX3YOCCF0FOHQ4Y69NSIXYNQCSRZ,RelEx
214N9U8P9Y3BS824RGJU8IM0RW8FWG,RelEx
2LNUUKQOYGNLVDTZH170B07S2UOYGY,RelEx
2KXDEY5COW0OF35AHPIFVC6VVU64VA,RelEx
2N0AA2SEIUUXZCUXTX14SIS8ZG9PP0,RelEx
20I11K274J7CJ22DALE4GUXFKDBDF8,RelEx
24RU8P9Y38TZV9OA17PIW0JTHU1YHX,RelEx
25LW5XH0JPPVHEQ5N2CSZ75KTP4LFT,RelEx
261WKUDD8XME229G8D264TO6ZY6CNL,RelEx
2FJTHV8ER9YBSZQPVCJMFKFH02W3QV,RelEx
2AGMNCWYB49I84YZQAS1TONS15NRNY,RelEx
26U6SK9RJ85RYU5LQZ1AZMOOXMI5TU,RelEx
2BLK4F0OHOVU0GO4T1TLJ2HEJDE32A,RelEx
2IF3V0FK0CON1VK8VKGKU9LR3NSOH8,RelEx
2QFBNVP3TVON46LQEEP70EOZMFU03N,RelEx
2P546UXFCD48WOK0WQJN3KINAAKTVP,RelEx
26LTVOK5UFJ80ADXN1QF8QS1J9X858,RelEx
26QJVCNHMVHYJOP7AEB2H4J7G1U02C,RelEx
2VACWY2AOO2JLYKNX17Q2CM6PRE33L,RelEx
2P7JWKUDD8XPAFWAICRBGUTOCNVMBN,RelEx
2TATMOFXRDS7HO7L7QEXTFM19D0VS5,RelEx
28RY8TNKIMZVLHQMQ5TOW0PG3I1AXR,RelEx
2V99Y8TNKIM2RYBROUJ2YM0PMP79WS,RelEx
2X7GSNTL0XUOQST0KWUMWDX5M6BM0P,RelEx
215QY2RCJK66Y7KAQ4RK4IAQG0P5UL,RelEx
2KE5XH0JPPSL1W4LYYJPH5KLTN0GMM,RelEx
2Y9RLFQ0ONNYQT7RQ10EQRB7D1AJSA,RelEx
2X4MEGOOGQSFLIOHJFJESUUU83MDDU,RelEx
2WW4EGDHDM28KKOGWCN6REZ6U8WCML,RelEx
2GZHRRLFQ0OQM7XOAX8OJEGRIO9HQ8,RelEx
2TUF0CP5KXPWHZOP6B74ZM7N5NAYXM,RelEx
2NA8SV7WGKCFUXRALNU3WHAPXLGR1L,RelEx
2GRRNDWIOV1V64TAM67UB3YD6PRWHS,RelEx
24M6UXFCD450BQZUM5ETUIN30XSUWQ,RelEx
2ZSA2SEIUUU3Z0WRTNVISS8SAX0QQH,RelEx
2TYJ2D21O3W8WT6QY2JICKYEWMVE8I,RelEx
295TL0XULRGQSNPAVZ4XFFP7USQP3D,RelEx
2RKSEIUUU00RPWQHDV9SIS2U9SVSSN,RelEx
2P546UXFCD48WOK0WQJN3KINBWEVTU,RelEx
2T6K2JE1M7PNJLRY5JFZKC04RTOWP9,RelEx
2B5U8LZ6R70J43FFMLA35E7WZ686MF,RelEx
2ZS0RYNJ92NMJY6CKZAT4HYW9FF5AR,RelEx
2K5AB6BFMFFRXAO0A6AFNGESJMFJWE,RelEx
2H9YNJ92NJKPZHHTS6LH8W2G0BY7CN,RelEx
23DHVKCJ011N1JAQGMBQ6618UIL97I,RelEx
28G0LWSBRI8LTN853MZJRSTLIH01DU,RelEx
292MT6YTWX4K2T8WKH49JGI6P5G1WT,RelEx
2MBYMNCWYB4CELYZ1UO1BJONZ7JQMV,RelEx
214T6YTWX4H6GEVIDQ09QI6IQ5QX29,RelEx
2ELYOCCF0CP8J9V0R09I7YG4W3BTU0,RelEx
29UXKNQY2RCMJI964RUH10KUPRUR22,RelEx
2FJTHV8ER9YBSZQPVCJMFKFH02VQ3H,RelEx
2AKD5NQYN5F6PCPNE6PMXCWYI5CB7S,RelEx
2JV5NQYN5F3TZVMC2BDNMWYBCCD8CJ,RelEx
20BUHYW2GTPCQMDZE9D1G9YSWFDRMY,RelEx
2TEA6X3YOCCIZOVCTAGTSNII4FJPQL,RelEx
2YG5PQJQ9OPOK9IE3ZIXQ8KCV0O0YW,RelEx
2Q9J85OZIZEKLMGWV1FQFEWP5OVAYX,RelEx
2VUWA6X3YOCFECIWEXOP3INIPBDPOJ,RelEx
2MBYMNCWYB4CELYZ1UO1BJONZ7KMQS,RelEx
20ZSTLB3L0FEILOVKW5J1EVECDDJV4,RelEx
2Y4VHVKCJ014JEDBSK0K0W61F4886O,RelEx
2WAVGULF395VVITNASJ3XYNJIK3BPQ,RelEx
2TFKNQY2RCJN5F52NG8RAKUIH4OS37,RelEx
2N2W4ZMAZHHUQXLX91EN5RH1SHVAJ6,RelEx
2Z3KH1Q6SVQBGKETZ7XLFOBVJHN2L5,RelEx
22IXULRGNTBM2YSK6I6PHN62SK8S6A,RelEx
2GYKPEIB9BAZK4S4Y3WV7UD3TUU0XQ,RelEx
29HVXX2Q45UXJ2U5P09WBNS8VH3R9X,RelEx
22T3L0FBJ9IRAVKQ0RMEFRPRAPXZNW,RelEx
2MQB727M0IGIJTJ8FB6S5F4VOILDYB,RelEx
2ALDHJHP4BDGJSA5H4JXJX3GAJMX45,RelEx
2AKD5NQYN5F6PCPNE6PMXCWYHY17BY,RelEx
2UQXMB3Q39Z3AI00XJK4OVST3UITIV,RelEx
2SVPGFL6VCPZYLXUM99O51S70NB6LF,RelEx
26DH8MZ9O9Z9J8A6VNQHRRRLNQ890K,RelEx
2LHMAZHHRRLIPCUUW8IHBKHOGD2DMR,RelEx
2GYKPEIB9BAZK4S4Y3WV7UD3UTZ0XU,RelEx
200A0RYNJ92QIWS7EODJ3UHY313497,RelEx
2GDXX2Q45UUNP04NWVN1XS8ONZNASY,RelEx
2BI0OQKKA4ILRKY93FX8AEW0JENZZG,RelEx
2TEA6X3YOCCIZOVCTAGTSNII4CVPQR,RelEx
2DJVP9746OQ4RZWXG3X7A51QRB9L17,RelEx
2ZZPCGJ2D21R28B4QDAPZSI2RX05BM,RelEx
22T3L0FBJ9IRAVKQ0RMEFRPR9LMNZ0,RelEx
2MBYMNCWYB4CELYZ1UO1BJONZSRQM9,RelEx
2YATLB3L0FBM8UUISRAROVE5ZPYKWQ,RelEx
25ZOVR14IXKR1XF9QR3WK6X35NZ98J,RelEx
21405BMJTUH1VEM0YMIAHS5WU44LGS,RelEx
248Q7Q67051TJOTYAFKQM1XMMCRDX5,RelEx
2EXB0HFL42J4KABFKKT7W0IGMJ3L04,RelEx
29WIUUU00OQNJMAPR5ZSCU26FZZUU9,RelEx
2HNBMJTUHYW5F5VG0NYSFWM1D8KINY,RelEx
270HPCGJ2D24NF2C6URJZPSI9JL4AM,RelEx
2UV8XMB3Q392ZNC121XTEEVS1VYHS4,RelEx
2F84J3NAB6BILRLV7B9TBTJFKF0FSG,RelEx
2LAMEZZ2MIKPML0FYMP3ITWW4WI6NF,RelEx
2NORLPHIT3HYVM1RRJTNTQ21F26AIU,RelEx
2F4NCWYB49FCR4YO6ESJYNSTDHCSO3,RelEx
2GRO9Z6KW4ZP9BNO04CF00ONVVZE5K,RelEx
2FC98JHSTLB6KCLISM9OLJEJYDHFRS,RelEx
2C4EC1PC6SKCQVECXC9ZOHMAHO8O0O,RelEx
2DYKCCVLL3CD2FSOJ2H4M9NQ16J7XC,RelEx
